,models,training_accuracy,test_accuracy,f1_score,precision,recall
0,logistic_regression,0.811375,0.813,0.5655172413793104,0.20865139949109415,0.3048327137546469
1,decision_tree,1.0,0.7885,0.46511627906976744,0.5089058524173028,0.48602673147023084
2,random_forest,1.0,0.864,0.7619047619047619,0.44783715012722647,0.5641025641025641
3,svm,0.8665,0.8545,0.7684210526315789,0.37150127226463103,0.5008576329331046
4,KNN,0.85825,0.8205,0.5913978494623656,0.27989821882951654,0.3799654576856649
5,gradient_boosting,0.873625,0.864,0.7410358565737052,0.4732824427480916,0.5776397515527951
6,xgboost,0.968375,0.8565,0.673202614379085,0.5241730279898219,0.5894134477825465
